"1";"1";"Bk Areilza 21066";"burger-king.png";"fondo-burger.jpg";;"Welcome | Bienvenido | Ongi etorri | Bienvenu | Willkommen | Benvenuti";;;;"Powered by <a href=""https://suumaprojects.com"">suumaprojects.com</a>";;"1";"Areiltza Doktorearen Zumarkalea, 28";"4009";"Bilbao";"Bizkaia";"2016-12-01"
"2";"2";"La OLa";"la-ola.png";"fondo-laola.jpg";;"Bienvenidos a La Ola";;;;"Powered by <a href=""https://suumaprojects.com"">suumaprojects.com</a>";;"1";"Muelle Ereaga Kaia, 14";"48992";"Getxo";"Bizkaia";"2016-12-01"
"3";"1";"BK Ibis Bilbao 21276";"burger-king.png";"fondo-burger.jpg";;"Welcome | Bienvenido | Ongi etorri | Bienvenu | Willkommen | Benvenuti";;;;"Powered by <a href=""https://suumaprojects.com"">suumaprojects.com</a>";;"1";"Calle General Concha, 28";"48012";"Bilbao";"Bizkaia";"2016-12-01"
"4";"27";"B Impasioned";"B-Impassioned-logo.jpg";"Fondo-B.jpg";;"<font color=""black"">¡Bienvenido!</font>";;;;;"bepe-promo.jpeg";"1";"Calle Rafael Calvo 19";"28010";"Madrid";"Madrid";"2017-06-21"
"5";"1";"BK Torrelavega 22108";"burger-king.png";"fondo-burger.jpg";;"Welcome | Bienvenido | Ongi etorri | Bienvenu | Willkommen | Benvenuti";;;;"Powered by <a href=""https://suumaprojects.com"">suumaprojects.com</a>";;"1";"Av. de Bilbao, 90C";"39300";"Torrelavega";"Cantabria";"2016-12-01"
"6";"1";"BK Abando 11537";"burger-king.png";"fondo-burger.jpg";;"Welcome | Bienvenido | Ongi etorri | Bienvenu | Willkommen | Benvenuti";;;;"Powered by <a href=""https://suumaprojects.com"">suumaprojects.com</a>";;"1";"Plaza Biribila, 2";"48008";"Bilbao";"Bizkaia";"2016-12-01"
"7";"28";"Level11";"logo-level11.png";"fondo-level11.jpg";;"Welcome | Bienvenido | Ongi etorri | Bienvenu | Willkommen | Benvenuti";;;;;"bepe-promo.jpeg";"1";"Plaza Arriquíbar, 5";"48010";"Bilbao";"Bizkaia";"2016-12-01"
"9";"1";"BK Castro Urdiales 21172";"burger-king.png";"fondo-burger.jpg";;"Welcome | Bienvenido | Ongi etorri | Bienvenu | Willkommen | Benvenuti";;;;"Powered by <a href=""https://suumaprojects.com"">suumaprojects.com</a>";;"1";"Calle Jardines,1";"39700";"Castro Urdiales";"Cantabria";"2016-12-01"
"10";"7";"SUUMA";"bepenak-logo.png";"fondo-global.jpeg";;"<font color=""black"">WELCOME TO BEPENAK'S FREE WIFI</font>";;;;"Powered by <a href=""https://suumaprojects.com"">suumaprojects.com</a>";;"1";"Alameda de Recalde, 35 BIS";"48009";"Bilbao";"Bizkaia";"2016-12-01"
"11";"8";"Restaurante Guria";"logo-guria.png";"fondo-guria.jpg";;"¡Bienvenido!<br>Restaurante Guria";;;;;"promo-guria.jpg";"1";"Don Diego Lopez Haroko Kale Nagusia, 66";"48011";"Bilbao";"Bizkaia";"2016-12-01"
"12";"1";"BK Leioa 20116";"burger-king.png";"fondo-burger.jpg";;"Welcome | Bienvenido | Ongi etorri | Bienvenu | Willkommen | Benvenuti";;;;"Powered by <a href=""https://suumaprojects.com"">suumaprojects.com</a>";;"1";"Hipermercado EROSKI - Ctra La Avanzada S/N";"48940";"Leioa";"Bizkaia";"2016-12-01"
"13";"1";"BK Miranda de Ebro 18789";"burger-king.png";"fondo-burger.jpg";;"Welcome | Bienvenido | Ongi etorri | Bienvenu | Willkommen | Benvenuti";;;;"Powered by <a href=""https://suumaprojects.com"">suumaprojects.com</a>";;"1";"Centro Comercial E.LECLERC, C/Jerea, Pol.Ind. Las Californias";"09200";"Miranda de Ebro";"Burgos";"2016-12-01"
"14";"1";"BK Hispanidad 18781";"burger-king.png";"fondo-burger.jpg";;"Welcome | Bienvenido | Bienvenu | Willkommen | Benvenuti";;;;"Powered by <a href=""https://suumaprojects.com"">suumaprojects.com</a>";;"1";"Via de la Hispanidad, 15";"50006";"Zaragoza";"Zaragoza";"2016-12-01"
"15";"9";"Icaza";"icaza.png";"fondo-icaza.jpg";;"¡Bienvenido!<br>Icaza";;;;"Powered by <a href=""https://suumaprojects.com"">suumaprojects.com</a>";"promo-silla.jpeg";"1";"Mazarredo Zumarkalea, 47";"48009";"Bilbao";"Bizkaia";"2016-12-01"
"16";"26";"San Jose De Calasanz";"San-Jose.png";"fondo-san-jose.jpeg";;"¡Bienvenido!";;;;"Powered by <a href=""https://suumaprojects.com"">suumaprojects.com</a>";;"1";"C/ Hospital Bajo, 11, 48980 Santurtzi, BI";"48980";"Santurtzi";"Bizkaia";"2017-06-13"
"17";"1";"BK Berceo 21560";"burger-king.png";"fondo-burger.jpg";;"Welcome | Bienvenido | Bienvenu | Willkommen | Benvenuti";;;;"Powered by <a href=""https://suumaprojects.com"">suumaprojects.com</a>";;"1";"Berceo Centro Comercial, Calle Lérida, 2";"26006";"Logroño";"La Rioja";"2016-12-01"
"18";"1";"BK Behobia 22107";"burger-king.png";"fondo-burger.jpg";;"Welcome | Bienvenido | Bienvenu | Willkommen | Benvenuti";;;;"Powered by <a href=""https://suumaprojects.com"">suumaprojects.com</a>";;"1";"Endarlaza Hiribidea, 3";"20305";"Irun";"Gipuzkoa";"2016-12-01"
"19";"1";"BK Gran Via,Logroño 9094";"burger-king.png";"fondo-burger.jpg";;"Welcome | Bienvenido | Bienvenu | Willkommen | Benvenuti";;;;"Powered by <a href=""https://suumaprojects.com"">suumaprojects.com</a>";;"1";"Av. Gran Vía Juan Carlos I, 45";"26005";"Logroño";"La Rioja";"2016-12-01"
"20";"1";"BK Sancho El Fuerte 13117";"burger-king.png";"fondo-burger.jpg";;"Welcome | Bienvenido | Bienvenu | Willkommen | Benvenuti";;;;"Powered by <a href=""https://suumaprojects.com"">suumaprojects.com</a>";;"1";"Av. de Sancho El Fuerte, 83";"31008";"Pamplona/Iruña";"Navarra";"2016-12-01"
"21";"1";"BK Mega Park 16708";"burger-king.png";"fondo-burger.jpg";;"Welcome | Bienvenido | Bienvenu | Willkommen | Benvenuti";;;;"Powered by <a href=""https://suumaprojects.com"">suumaprojects.com</a>";;"1";"Megapark ";"48903 ";"Barakaldo";"Bizkaia";"1900-01-01"
"22";"1";"BK Zaragoza (Casa) 10565";"burger-king.png";"fondo-burger.jpg";;"Welcome | Bienvenido | Bienvenu | Willkommen | Benvenuti";;;;"Powered by <a href=""https://suumaprojects.com"">suumaprojects.com</a>";;"1";"Gertrudis de Avellaneda S/N ";"50014 ";"Zaragoza";"Zaragoza";"1900-01-01"
"23";"1";"BK Puerto Venecia 18779";"burger-king.png";"fondo-burger.jpg";;"Welcome | Bienvenido | Bienvenu | Willkommen | Benvenuti";;;;"Powered by <a href=""https://suumaprojects.com"">suumaprojects.com</a>";;"1";"Puerto Venecia, Travesía Jardines Reales, 7 Planta Alta, C.C. Puerto de Venecia";"50021";"Zaragoza";"Zaragoza";"1900-01-01"
"24";"1";"BK Berriozar (Agustinos) 18135";"burger-king.png";"fondo-burger.jpg";;"Welcome | Bienvenido | Bienvenu | Willkommen | Benvenuti";;;;"Powered by <a href=""https://suumaprojects.com"">suumaprojects.com</a>";;"1";"POLIGONO AGUSTINOS C/ A PARCELA ";"1600";"Pamplona/Iruña";"Navarra";"1900-01-01"
"25";"1";"BK Alcampo 14625";"burger-king.png";"fondo-burger.jpg";;"Welcome | Bienvenido | Bienvenu | Willkommen | Benvenuti";;;;"Powered by <a href=""https://suumaprojects.com"">suumaprojects.com</a>";;"1";"Centro Comercial Parque Rioja, Camino de las Tejeras, SN";"26005";"Logroño";"La Rioja";"1900-01-01"
"26";"1";"BK Max Center 8406";"burger-king.png";"fondo-burger.jpg";;"Welcome | Bienvenido | Bienvenu | Willkommen | Benvenuti";;;;"Powered by <a href=""https://suumaprojects.com"">suumaprojects.com</a>";;"1";"Kareaga, s/n ";"48903";"Barakaldo";"Bizkaia";"1900-01-01"
"27";"1";"BK Itaroa 15146";"burger-king.png";"fondo-burger.jpg";;"Welcome | Bienvenido | Bienvenu | Willkommen | Benvenuti";;;" ";"Powered by <a href=""https://suumaprojects.com"">suumaprojects.com</a>";;"1";"Centro Comercial y de Ocio ITAROA - C/ Altxuntxate nº 5";"31620";"Huarte";"Navarra";"1900-01-01"
"28";"1";"BK Abadiño 20117";"burger-king.png";"fondo-burger.jpg";;"Welcome | Bienvenido | Bienvenu | Willkommen | Benvenuti";" ";;" ";"Powered by <a href=""https://suumaprojects.com"">suumaprojects.com</a>";;"1";"Barrio Murueta SN";"48220";"Abadiño";"Bizkaia";"1900-01-01"
"29";"1";"BK Lintzirin 21685";"burger-king.png";"fondo-burger.jpg";;"Welcome | Bienvenido | Bienvenu | Willkommen | Benvenuti";" ";;" ";"Powered by <a href=""https://suumaprojects.com"">suumaprojects.com</a>";;"1";"Ctra. N-1 Madrid-Irun, Km 469 Poligono Lintzirin - Edificio Hotel Lintzirin";"20180 ";"Oiartzun";"Gipuzkoa";"1900-01-01"
"30";"1";"BK San Sebastian 21757";"burger-king.png";"fondo-burger.jpg";;"Welcome | Bienvenido | Bienvenu | Willkommen | Benvenuti";" ";;" ";"Powered by <a href=""https://suumaprojects.com"">suumaprojects.com</a>";;"1";"Calle Oquendo Nº 2";"20004";"Donostia/San Sebastián";"Gipuzkoa";"1900-01-01"
"31";"1";"BK Imperial 16699";"burger-king.png";"fondo-burger.jpg";;"Welcome | Bienvenido | Bienvenu | Willkommen | Benvenuti";;;" ";"Powered by <a href=""https://suumaprojects.com"">suumaprojects.com</a>";;"1";"Avda. Diagonal 8";"50007 ";"Zaragoza";"Zaragoza";"1900-01-01"
"33";"1";"BK Zaragoza Goya 22214";"burger-king.png";"fondo-burger.jpg";;"Welcome | Bienvenido | Ongi etorri | Bienvenu | Willkommen | Benvenuti";;;;"Powered by <a href=""https://suumaprojects.com"">suumaprojects.com</a>";;"1";"Paseo de Fernando el Católico, 6,";"50006";"Zaragoza";"Zaragoza";"1900-01-01"
"34";"1";"BK Coso 14896";"burger-king.png";"fondo-burger.jpg";;"Welcome | Bienvenido | Bienvenu | Willkommen | Benvenuti";;;;"Powered by <a href=""https://suumaprojects.com"">suumaprojects.com</a>";;"1";"Calle del Coso,62";"50001";"Zaragoza";"Zaragoza";"1900-01-01"
"35";"10";"Krunch";"pixel.png";"krunch.jpg";;"<font color=""black"">KRUNCH FREE WIFI</font>";;;;"Powered by <a href=""https://suumaprojects.com"">suumaprojects.com</a>";"promo-krunch.jpeg";"1";"Alameda Urquijo,10";;"Bilbao";"Bizkaia";"1900-01-01"
"36";"9";"Icaza eventos";"art-logo.png";;;"<font color=""black"">Welcome to the AWEsome English with Art Party in Bilbao</font>";;;;"Powered by <a href=""https://suumaprojects.com"">suumaprojects.com</a>";"evento-promo.jpeg";"1";"Mazarredo Zumarkalea, 47";"48009";"Bilbao";"Bizkaia";"2016-12-01"
"37";"11";"Old School Factory";"logo-school.png";"fondo-school.jpg";;"Welcome | Bienvenido | Ongi etorri </br> OLD SCHOOL FACTORY";;;;;;"1";"Conde Mirasol, 5";"48003";"Bilbao";"Bizkaia";"1900-01-01"
"38";"12";"Jesús y María";"logo-JYM.png";"jym-fondo.jpeg";;"¡Bienvenido a Jesús y María!";;;;"Powered by <a href=""https://suumaprojects.com"">suumaprojects.com</a>";;"1";"c/Compañia N ° 4";"31001";"Pamplona/Iruña";"Navarra";"1900-01-01"
"39";"1";"BK Aranda de Duero 21277";"burger-king.png";"fondo-burger.jpg";;"Welcome | Bienvenido | Ongi etorri | Bienvenu | Willkommen | Benvenuti";;;;"Powered by <a href=""https://suumaprojects.com"">suumaprojects.com</a>";;"1";"Hipersimply - Ctra. La Aguilera, km 0,500";"09400";"Aranda de Duero";"Aranda de Duero";"1900-01-01"
"40";"1";"BK Arteixo 23370";"burger-king.png";"fondo-burger.jpg";;"Welcome | Bienvenido | Ongi etorri | Bienvenu | Willkommen | Benvenuti";;;;"Powered by <a href=""https://suumaprojects.com"">suumaprojects.com</a>";;"1";"Poligono de Sabon - Avda. Finisterre, 145 - Parcela 29";"15142";"Arteixo";"A Coruña";"1900-01-01"
"41";"1";"BK ECIBurgos 21067";"burger-king.png";"fondo-burger.jpg";;"Welcome | Bienvenido | Ongi etorri | Bienvenu | Willkommen | Benvenuti";;;;"Powered by <a href=""https://suumaprojects.com"">suumaprojects.com</a>";;"1";"HIPERCOR, Ctra.  Madrid-Irun km 236 ";"09001";"Burgos";"Burgos";"1900-01-01"
"42";"1";"BK Abella 21068";"burger-king.png";"fondo-burger.jpg";;"Welcome | Bienvenido | Ongi etorri | Bienvenu | Willkommen | Benvenuti";;;;"Powered by <a href=""https://suumaprojects.com"">suumaprojects.com</a>";;"1";"Centro Comercial Abella, CC Abella, Rúa Orquídea, 22-24";"27004";"Abella";"Lugo";"1900-01-01"
"43";"1";"BK Burgos 9451";"burger-king.png";"fondo-burger.jpg";;"Welcome | Bienvenido | Ongi etorri | Bienvenu | Willkommen | Benvenuti";;;;"Powered by <a href=""https://suumaprojects.com"">suumaprojects.com</a>";;"1";"Centro Comercial Camino de la Plata, Av. de Castilla y León, 22";"09006";"Burgos";"Burgos";"1900-01-01"
"44";"1";"BK Foro Auto 18966";"burger-king.png";"fondo-burger.jpg";;"Welcome | Bienvenido | Ongi etorri | Bienvenu | Willkommen | Benvenuti";;;;"Powered by <a href=""https://suumaprojects.com"">suumaprojects.com</a>";;"1";"Av. de la Constitución, 105";"33203";"Gijón";"Asturias";"1900-01-01"
"45";"1";"BK Ávila (Teresa de Calcuta) 22724";"burger-king.png";"fondo-burger.jpg";;"Welcome | Bienvenido | Ongi etorri | Bienvenu | Willkommen | Benvenuti";;;;"Powered by <a href=""https://suumaprojects.com"">suumaprojects.com</a>";;"1";"c/ Teresa de Calcuta, esquina c/ Pintor Caprotti.";"05001 ";"Ávila";"Ávila";"1900-01-01"
"46";"1";"BK Begoña 14947";"burger-king.png";"fondo-burger.jpg";;"Welcome | Bienvenido | Ongi etorri | Bienvenu | Willkommen | Benvenuti";;;;"Powered by <a href=""https://suumaprojects.com"">suumaprojects.com</a>";;"1";"Calle San Bernardo, 89";"33201";"Gijón";"Asturias";"1900-01-01"
"47";"1";"BK Carrefour Leon 19090";"burger-king.png";"fondo-burger.jpg";;"Welcome | Bienvenido | Ongi etorri | Bienvenu | Willkommen | Benvenuti";;;;"Powered by <a href=""https://suumaprojects.com"">suumaprojects.com</a>";;"1";"Carrefour León, Av. del Alcalde Miguel Castaño, 95";"24005";"León";"León";"1900-01-01"
"48";"1";"BK San Francisco 14673";"burger-king.png";"fondo-burger.jpg";;"Welcome | Bienvenido | Ongi etorri | Bienvenu | Willkommen | Benvenuti";;;;"Powered by <a href=""https://suumaprojects.com"">suumaprojects.com</a>";;"1";"San Francisco, 16 18,";"24006";"León";"León";"1900-01-01"
"49";"1";"BK Espacio Leon 15125";"burger-king.png";"fondo-burger.jpg";;"Welcome | Bienvenido | Ongi etorri | Bienvenu | Willkommen | Benvenuti";;;;"Powered by <a href=""https://suumaprojects.com"">suumaprojects.com</a>";;"1";"Centro de Ocio - avda del país leonés (espacio)";"24010 ";"León";"León";"1900-01-01"
"50";"1";"BK Boulevard (Alava) 14828";"burger-king.png";"fondo-burger.jpg";;"Welcome | Bienvenido | Ongi etorri | Bienvenu | Willkommen | Benvenuti";;;;"Powered by <a href=""https://suumaprojects.com"">suumaprojects.com</a>";;"1";"Centro Comercial El Boulevard, Zaramaga Kalea, 1, Local S8,";"01013";"Vitoria-Gasteiz";"Alava";"1900-01-01"
"51";"1";"BK Lauka 13913";"burger-king.png";"fondo-burger.jpg";;"Welcome | Bienvenido | Ongi etorri | Bienvenu | Willkommen | Benvenuti";;;;"Powered by <a href=""https://suumaprojects.com"">suumaprojects.com</a>";;"1";"Centro Comercial, Calle del Duque de Wellington, SN,";"01010";"Vitoria-Gasteiz";"Alava";"1900-01-01"
"52";"1";"BK Arechavaleta 19424";"burger-king.png";"fondo-burger.jpg";;"Welcome | Bienvenido | Ongi etorri | Bienvenu | Willkommen | Benvenuti";;;;"Powered by <a href=""https://suumaprojects.com"">suumaprojects.com</a>";;"1";"Centro Comercial ARECHAVALETA - GARDELEGI C/Iruraiz-Gauna 1 Local 12";"01194 ";"Arechavaleta";"Vitoria";"1900-01-01"
"53";"7";"SUUMA";"suuma.png";"fondo-suuma.jpg";"fondo-suuma.jpg";"<font color=""white"">¡Bienvenido!</font>";;;;"Powered by <a href=""https://suumaprojects.com"">suumaprojects.com</a>";;"1";"Alameda de Recalde, 35 BIS";"48009";"Bilbao";"Bizkaia";"2016-12-01"
"54";"1";"BK Bahia Santander (ECI) 17910";"burger-king.png";"fondo-burger.jpg";;"Welcome | Bienvenido | Ongi etorri | Bienvenu | Willkommen | Benvenuti";;;;"Powered by <a href=""https://suumaprojects.com"">suumaprojects.com</a>";;"1";"C.C. Bahía De Santander (Av. Nueva Montaña, s/n) ";"39011";"Santander";"Cantabria";"1900-01-01"
"55";"1";"BK Sancho El Fuerte 13117";"burger-king.png";"fondo-burger.jpg";;"Welcome | Bienvenido | Ongi etorri | Bienvenu | Willkommen | Benvenuti";;;;"Powered by <a href=""https://suumaprojects.com"">suumaprojects.com</a>";;"1";"Av. de Sancho El Fuerte, 83, ";"31008";"Pamplona/Iruña";"Navarra";"1900-01-01"
"56";"1";"BK Valle Real 8867";"burger-king.png";"fondo-burger.jpg";;"Welcome | Bienvenido | Bienvenu | Willkommen | Benvenuti";;;;"Powered by <a href=""https://suumaprojects.com"">suumaprojects.com</a>";;"1";"Centro Comercial VALLE REAL Local A15 C/ Alday, s/n";"39600";"Maliaño";"Cantabria";"1900-01-01"
"57";"1";"BK Playa Gijon 18140";"burger-king.png";"fondo-burger.jpg";;"Welcome | Bienvenido | Ongi etorri | Bienvenu | Willkommen | Benvenuti";;;;"Powered by <a href=""https://suumaprojects.com"">suumaprojects.com</a>";;"1";"Av. Rufo García Rendueles 19";"33203 ";"Gijón";"Asturias";"1900-01-01"
"58";"1";"BK La Morea 14499";"burger-king.png";"fondo-burger.jpg";;"Welcome | Bienvenido | Ongi etorri | Bienvenu | Willkommen | Benvenuti";;;;"Powered by <a href=""https://suumaprojects.com"">suumaprojects.com</a>";;"1";"Pol. Ind. Cordovilla, Local 47-B, C.C. La Morea";"31192";"Cordovilla";"Navarra";"1900-01-01"
"59";"1";"BK As Termas 20608";"burger-king.png";"fondo-burger.jpg";;"Welcome | Bienvenido | Ongi etorri | Bienvenu | Willkommen | Benvenuti";;;;"Powered by <a href=""https://suumaprojects.com"">suumaprojects.com</a>";;"1";"Centro Comercial AS TERMAS - Avda Infanta Elena, 93";"27003 ";"Lugo";"Lugo";"1900-01-01"
"60";"13";"Semillas Antuñano";"pixel.png";"fondo-antu.jpg";;"¡Bienvenido a Semillas Antuñano!";;;;;"promo-antu.jpeg";"1";"Somera 8";"48005";"Bilbao";"Bizkaia";"1900-01-01"
"61";"14";"La Roca";"logo-roca.png";"fondo-roca.jpg";;"¡Bienvenido!</br>La Roca";;;;"Powered by <a href=""https://suumaprojects.com"">suumaprojects.com</a>";;"1";"Ercilla Kalea 1";"48009 ";"Bilbao";"Bizkaia";"1900-01-01"
"62";"15";"Tamoin";"logo-tamoin.png";"fondo-tamoin.jpg";;"<font color=""white"" size=""5"">Bienvenido a WiFi Tamoin</font>";;;;"Powered by <a href=""https://suumaprojects.com"">suumaprojects.com</a>";;"1";"Calle Teide,4";"28703";"San Sebastian de los Reyes";"Madrid";"2017-03-28"
"65";"16";"El almacén secreto";"logo-almacen.jpeg";"fondo-almacen.jpeg";;"<p> <i class=""fa fa-rebel fa-3x"" aria-hidden=""true""></i></p><p>Que la fuerza te acompañe</p><p>May the force be with you</p>";;;;;;"1";"Libertad 2";"48005";"Bilbao";"Bizkaia";"2017-02-22"
"69";"1";"BK Zubiarte 15150";"burger-king.png";"fondo-burger.jpg";;"Welcome | Bienvenido | Ongi etorri | Bienvenu | Willkommen | Benvenuti";;;;"Powered by <a href=""https://suumaprojects.com"">suumaprojects.com</a>";;"1";"Centro Comercial ZUBIARTE Local A1.4 C/ Lehendakari Leizaola nº 2";"48001";"Bilbao";"Bizkaia";"2016-12-01"
"71";"18";"Caliche";"logo-caliche.png";;;"<font color=""black"">¡Bienvenido a Caliche!</font>";;;;"Powered by <a href=""https://suumaprojects.com"">suumaprojects.com</a>";"caliche-promo.jpeg";"1";"El Mirador, Ctra. San Cayetano, Km. 2";"30730 ";"San Javier";"Murcia";"2017-03-30"
"72";"19";"Helyserol";"helyserol-logo.jpeg";"black-background.jpeg";;"¡Bienvenido a Helyserol!";;;;"Powered by <a href=""https://suumaprojects.com"">suumaprojects.com</a>";;"2";"-";"-";"-";"-";"2017-03-30"
"77";"22";"Pilpil Hostel";"pilpilhostel.jpg";"fondopilpil.jpg";;"¡Bienvenido!";;;;"Powered by <a href=""https://suumaprojects.com"">suumaprojects.com</a>";;"1";"Sabino Arana Etorbidea, 14";"48013 ";"Bilbao";"Bizkaia";"2016-12-01"
"105";"1";"BK Sanxenxo 22727";"burger-king.png";"fondo-burger.jpg";;"Welcome | Bienvenido | Ongi etorri | Bienvenu | Willkommen | Benvenuti";;;;"Powered by <a href=""https://suumaprojects.com"">suumaprojects.com</a>";;"1";"Parcela sita en p.k. 17,450 de la VG-41, Sanxenxo, 36960, Pontevedra";"36960";"Sanxenxo";"Pontevedra";"2017-07-10"
"106";"1";"BK Berango 24325";"burger-king.png";"fondo-burger.jpg";;"Welcome | Bienvenido | Ongi etorri | Bienvenu | Willkommen | Benvenuti";;;;"Powered by <a href=""https://suumaprojects.com"">suumaprojects.com</a>";;"1";"Sector Landaida Goikoa (Arebeta Bidea)";"48640";"Berango";"Vizcaya";"2017-07-10"
"108";"53";"PerretxiCo";"perretxico-logo.png";;;;;;;"Powered by <a href=""https://suumaprojects.com"">suumaprojects.com</a>";"escotilla-promo.jpeg";"1";;;"Vitoria-Gasteiz";"Alava";"2017-07-21"
"109";"1";"Bk Santiago 24518";"burger-king.png";"fondo-burger.jpg";;"Welcome | Bienvenido | Ongi etorri | Bienvenu | Willkommen | Benvenuti";;;;"Powered by <a href=""https://suumaprojects.com"">suumaprojects.com</a>";;"1";"Rua Castela e Leon 1";"15707";"Santiago de Compostela";"A Coruña";"2016-12-01"
"110";"1";"Bk Vigo 24396";"burger-king.png";"fondo-burger.jpg";;"Welcome | Bienvenido | Ongi etorri | Bienvenu | Willkommen | Benvenuti";;;;"Powered by <a href=""https://suumaprojects.com"">suumaprojects.com</a>";;"1";"Av. da Florida, 165";"36213";"Vigo";"Pontevedra";"2016-12-01"
"111";"25";"Papelería Fénix";"fenix-logo.png";;;"<font color=""black"">¡Bienvenido!</font>";;;;;"bepe-promo.jpeg";"1";"Plaza Arriquíbar, 5";"48010";"Bilbao";"Bizkaia";"2017-09-08"
"112";"29";"Honestus";"honestus-logo.jpg";"fondo-honestus.jpeg";;"¡Bienvenido!";;;;;;"1";"Estafeta, 12 ";"31001";"Pamplona/Iruña";"Navarra";"2017-09-14"
"114";"33";"Retales de Tata";"tata-logo.jpeg";;;"¡Bienvenido!";;;;;;"1";"Canónigo Miguel Suarez, 11";"35330";"Teror";"Las Palmas";"2017-09-14"
"115";"31";"Loterías el dólar";"loteria-logo.jpg";;;"<font color=""black"">¡ Bienvenido!</font>";;;;;;"1";"Calle larga numero 4";"30870";"Mazarrón";"Murcia";"2017-09-14"
"116";"34";"Trirunners";"tri-logo.png";"tri-fondo.png";;"¡Bienvenido!";;;;;;"1";"ZUBIKO enparantza 8, local";"48930";"Getxo";"Bizkaia";"2017-09-14"
"117";"30";"Barbería";"barberia-logo.jpg";"barberia-fondo.jpg";;"¡Bienvenido!";;;;;;"1";"C/ Tafalla14";"31003";"Pamplona";"Navarra";"2017-09-14"
"118";"35";"Mª Jesús Gil Joyas";"maria-logo.jpg";"barberia-fondo.jpg";;"¡Bienvenido!";;;;;;"1";"Calle Hernán Cortés, 20";"39003";"Santander";"Cantabria";"2017-09-18"
"120";"37";"Y yo con estos pelos";"pelos-logo.jpeg";;;"<font color=""black"">¡Bienvenido!</font>";;;;;;"1";"C/ juan de juanes, 17  y  Avda. Hispanidad, 61";"03800";"Alcoy/Alcoi";"Alacant";"2017-09-18"
"121";"38";"Roma Peluquería";"roma-logo.jpg";;;;;;;;;"1";"COMPOSITOR RAMON MEDINA Nº 1 - LOCAL";"14010";"Córdoba";"Córdoba";"2017-09-18"
"122";"20";"La Charcu";"charcu-logo.jpeg";"charcu-fondo.jpeg";;"¡Bienvenido!";;;;;;"1";"Rodriguez Arias 30";"48009";"Bilbao";"Bizkaia";"2017-09-19"
"124";"39";"Dña Bárbara Concept Store & Spa";"barbara-logo.jpg";;;"<font color=""black"">¡Bienvenido a Dña Bárbara Concept Store &
 Spa!</font>";;;;;;"1";"Calle Rabida, 5";"21001";"Huelva";"Huelva";"2017-09-18"
"125";"40";"O grove";"grove-logo-2.jpg";"grove-fondo.jpg";;"¡Disfruta de tu visita a La estación O Grove!";;;;;;"1";"Av. de Beiramar, 50b";"36980";"O Grove";"Pontevedra";"2017-09-18"
"126";"41";"Lady Pi";"lady-logo.png";;;"<font color=""black"">Welcome | Bienvenido | Ongi etorri | Bienvenu | Willkommen | Benvenuti</font>";;;;;;"1";"Músico Peydró 44";"46001";"Valencia";"Valencia";"2017-09-21"
"127";"42";"Decinco";"decinco-logo.jpg";"decinco-fondo.jpg";;"¡Bienvenido!";;;;;;"1";"C/ Banys Vells 1, esquina Barra de Ferro";"08003";"Barcelona";"Barcelona";"2018-01-18"
"128";"43";"Pizzería di piu";"pizzeria-logo.png";"pizzeria-fondo.png";;"¡Bienvenido a la pizzería di piu!";;;;;;"1";"av juan carlos I, local 14";"29680";"Estepona";"Málaga";"2017-09-21"
"130";"45";"Bar halomon";"halomon-logo.jpeg";;;"<font color=""black"">¡Disfruta de tu estancia en el bar Halomon!</font>";;;;;;"1";"Puerto deportivo Estepona, local 25";"29680";"Estepona";"Málaga";"2017-09-22"
"132";"54";"Bizirik";"bizirik-logo.png";"bizirik-fondo.jpeg";;"¡Bienvenido a Bizirik!";;;;;;"1";"Calle Ercilla 6, bajo. A";"48009";"Bilbao";"Bizkaia";"2017-11-15"
"133";"55";"FVEM";"fvemwhite-logo.png";"fvem-fondo.jpeg";;"<br>Ongi etorri</br>
El metal de Bizkaia <br>te da la bienvenida</br>";;;;"Powered by <a href=""https://suumaprojects.com"">suumaprojects.com</a>";"fvem-anuncio.jpeg";"1";"Euskadi Plaza, 9";"48009";"Bilbao";"Bizkaia";"2017-11-15"
"134";"49";"Chopp Plaza Mayor";"chopp-logo.png";"chopp-fondo.png";;"¡Bienvenido!";;;;;;"1";"Alfonso ponce de leon S/N centro comercial plaza mayor";"29001";"Estepona";"Málaga";"2017-09-29"
"135";"50";"Doña Jerónima";"logo-jeronima.png";"fondo-jeronima.png";;"<font color=""black"">Welcome | Bienvenido | Ongi etorri | Bienvenu | Willkommen | Benvenuti</font>";;;;;;"1";"Calle Gloria Fuertes, 19";"29680";"Estepona";"Málaga";"2017-09-22"
"136";"51";"Mai estética";"mai-logo.jpg";;;"¡Bienvenido!</br>Mai Estetica";;;;;;"1";"Calle Jaén, 16";"28020";"Madrid";"Bizkaia";"2017-09-29"
"137";"52";"Fluidex";"fluidex-logo.jpg";"fluidex-fondo.jpeg";;"¡Bienvenido!";;;;"Powered by <a href=""https://suumaprojects.com"">suumaprojects.com</a>";;"1";"Edificio Albia I, c/ San Vicente 8. 3º 5 Bis";"48001";"Bilbao";"Bizkaia";"2017-10-02"
"138";"1";"BK Max Ocio (Barakaldo) 24675";"burger-king.png";"fondo-burger.jpg";;"Welcome | Bienvenido | Bienvenu | Willkommen | Benvenuti";;;;"Powered by <a href=""https://suumaprojects.com"">suumaprojects.com</a>";;"1";"Centro Comercial Max Ocio Barrio Kareaga s/n 48903 Barakaldo Local BK";"26005";"Barakaldo";"Bizkaia";"2017-10-05"
"139";"24";"Universidad Mondragón";"mu-logo.png";;;"<font color=""black"">Ongi etorri <img src=""assets/img/mondragon.png"" height=""25px"">ren WiFira</font>";;;;"Powered by <a href=""https://suumaprojects.com"">suumaprojects.com</a>";;"1";"Areiltza Doktorearen Zumarkalea, 28";"4009";"Bilbao";"Bizkaia";"2017-10-02"
"140";"56";"La Escotilla";"escotilla-logo.png";"escotilla-fondo.jpeg";;;;;;"Powered by <a href=""https://suumaprojects.com"">suumaprojects.com</a>";"escotilla-promo.jpeg";"1";;;"Vitoria-Gasteiz";"Alava";"2017-11-02"
"141";"24";"**TEST**";"LogoDental.png";"sillaDoctor.jpg";;"<font color=""black"">¡Bienvenido!</font>";;;;"Powered by <a href=""https://suumaprojects.com"">suumaprojects.com</a>";;"1";;;"Pruebas";"Pruebas";"2016-12-01"
"142";"57";"Dentalram";"dental-logo.png";;;"<font color=""black"">¡Bienvenido a Dentalram!</font>";;;;;;"1";"DENTALRAM. Centro Dental
c/Juan de Austria, 1. ";"28804";"Alcalá de Henares";"Madrid";"2017-11-27"
"143";"1";"BK Castelar 25164";"burger-king.png";"fondo-burger.jpg";;"Welcome | Bienvenido | Ongi etorri | Bienvenu | Willkommen | Benvenuti";;;;"Powered by <a href=""https://suumaprojects.com"">suumaprojects.com</a>";;"1";"Calle Emilio Castelar, 10-12 Planta baja";"50013";"Zaragoza";"Zaragoza";"2017-12-14"
"144";"1";"BK Agrela 25163";"burger-king.png";"fondo-burger.jpg";;"Welcome | Bienvenido | Ongi etorri | Bienvenu | Willkommen | Benvenuti";;;;"Powered by <a href=""https://suumaprojects.com"">suumaprojects.com</a>";;"1";"Calle Galileo Galilei, 18(Polígono A Grella)";"15008";"A Coruña";"A Coruña";"2017-12-14"
"145";"59";"Lopez Llarena";"Farmacia.jpeg";;;"<font color=""black"">Licenciado Lopez Llarena</font>";;;;;;"1";"Calle Bidebarrieta 9";"48005 ";"Bilbao";"Vizkaia";"2018-01-24"
"146";"59";"Retiro Sport Fitness";"retiro-logo.jpg";"fondo-retiro-web.jpg";;"¡Bienvenido!";;;;;;"1";"Calle de Juan de Urbieta, 5";"28007";"Madrid";"Madrid";"2018-02-05"
"147";"58";"Alaine Bermejo";"alaine_logo.jpg";"fondo-alaine.jpg";;"¡Bienvenido!";;;;;;"1";"Ibañez de Bilbao, 17";"48009";"Bilbao";"Vizkaia";"2018-02-07"
